업체명,품목명,주소,대표전화번호,시도명,시군구명
서서울농협하나로마트사직점,식품가스 등,서울특별시 종로구 사직로8길 4 ,02-725-4021,서울특별시,종로구
이마트 청계천점,생필품,서울특별시 중구 청계천로 400,02-2290-1050,서울특별시,중구
이마트 용산점,양곡 및 생필품,서울특별시 용산구 한강대로23길 55,02-2012-1050,서울특별시,용산구
농협하나로클럽 용산점,양곡 및 생필품,서울특별시 용산구 청파로 122,02-2077-2812,서울특별시,용산구
동명할인마트,"생수,쌀,부식류,부탄가스,살균표백제,즉석식품,분유세트,기저귀,모기약등",서울특별시 성동구 마장로 193,02-2291-9989,서울특별시,성동구
부부슈퍼,"생수,쌀,부식류,부탄가스,살균표백제,즉석식품,분유세트,기저귀,모기약등",서울특별시 성동구 무학봉길87-1,02-2294-8428,서울특별시,성동구
세림무지개마트,"생수,쌀,부식류,부탄가스,살균표백제,즉석식품,분유세트,기저귀,모기약등",서울특별시 성동구 마장로42길14 B01호,02-2295-0638,서울특별시,성동구
우리마트,"생수,쌀,부식류,부탄가스,살균표백제,즉석식품,분유세트,기저귀,모기약등",서울특별시 성동구 사근동길 58,02-2293-5549,서울특별시,성동구
청량유통,"생수,쌀,부식류,부탄가스,살균표백제,즉석식품,분유세트,기저귀,모기약등",서울특별시 성동구 고산자로8길 32-2,02-2294-5258,서울특별시,성동구
하나로마트행당점,"생수,쌀,부식류,부탄가스,살균표백제,즉석식품,분유세트,기저귀,모기약등",서울특별시 성동구 행당로 87,02-2297-7766,서울특별시,성동구
하모니마트,"생수,쌀,부식류,부탄가스,살균표백제,즉석식품,분유세트,기저귀,모기약등",서울특별시 성동구 독서당로62길43,02-2293-0622,서울특별시,성동구
금호마트,"생수,쌀,부식류,부탄가스,살균표백제,즉석식품,분유세트,기저귀,모기약등",서울특별시 성동구 금호산길 67,02-2236-2848,서울특별시,성동구
G-마트,"생수,쌀,부식류,부탄가스,살균표백제,즉석식품,분유세트,기저귀,모기약등",서울특별시 성동구 무수막길80,02-2253-2442,서울특별시,성동구
중앙할인마트,"생수,쌀,부식류,부탄가스,살균표백제,즉석식품,분유세트,기저귀,모기약등",서울특별시 성동구 독서당로 302,02-2294-9114,서울특별시,성동구
가락공판장,"생수,쌀,부식류,부탄가스,살균표백제,즉석식품,분유세트,기저귀,모기약등",서울특별시 성동구 매봉길 13,02-2298-5600,서울특별시,성동구
㈜뚝섬현대유통,"생수,쌀,부식류,부탄가스,살균표백제,즉석식품,분유세트,기저귀,모기약등",서울특별시 성동구 성덕정길29,02-463-2211,서울특별시,성동구
쌍용수퍼렛,"생수,쌀,부식류,부탄가스,살균표백제,즉석식품,분유세트,기저귀,모기약등",서울특별시 성동구 상원길 59 B동 107호 ,02-463-6988,서울특별시,성동구
㈜뚝섬쇼핑센터,"생수,쌀,부식류,부탄가스,살균표백제,즉석식품,분유세트,기저귀,모기약등",서울특별시 성동구 성수2가1동 339-5호,02-464-3531,서울특별시,성동구
롯데슈퍼성수점,"생수,쌀,부식류,부탄가스,살균표백제,즉석식품,분유세트,기저귀,모기약등",서울특별시 성동구 아차산로7길 28,02-461-5601,서울특별시,성동구
럭키수퍼,"생수,쌀,부식류,부탄가스,살균표백제,즉석식품,분유세트,기저귀,모기약등",서울특별시 성동구 광나루로 11길 28,02-498-0069,서울특별시,성동구
DS로지스,"생수,쌀,부식류,부탄가스,살균표백제,즉석식품,분유세트,기저귀,모기약등",서울특별시 성동구 용답23길 20-1 (용답동),02-2245-4929,서울특별시,성동구
이마트 자양점,생필품,서울특별시 광진구 아차산로 272,02-3425-3323,서울특별시,광진구
롯데마트 강변점,생필품,서울특별시 광진구 광나루로 56길 85,02-3424-2506,서울특별시,광진구
홈플러스 구의점,생필품,서울특별시 광진구 자양로 168,02-2201-8545,서울특별시,광진구
홈플러스 구의2점,생필품,서울특별시 광진구 아차산로 473,02-458-8545,서울특별시,광진구
롯데슈퍼마켓 구의점,생필품,서울특별시 광진구 아차산로 450,02-452-5601,서울특별시,광진구
롯데슈퍼마켓 중곡점,생필품,서울특별시 광진구 긴고랑로 60,02-453-5604,서울특별시,광진구
그린팜마트,"생수,쌀,부식류,부탄가스, 분유세트,기저귀,모기약 등",서울특별시 동대문구 왕산로 108,02-969-4040,서울특별시,동대문구
부산상회,"생수,쌀,부식류,부탄가스, 분유세트,기저귀,모기약 등",서울특별시 동대문구 경동시장로10길 12,02-963-1440,서울특별시,동대문구
양평할인공판장,"생수,쌀,부식류,부탄가스, 분유세트,기저귀,모기약 등",서울특별시 동대문구 서울시립대로7길 8,02-2212-6662,서울특별시,동대문구
롯데슈퍼,"생수,쌀,부식류,부탄가스, 분유세트,기저귀,모기약 등",서울특별시 동대문구 사가정로 148,02-2248-8361,서울특별시,동대문구
우일슈퍼,"생수,쌀,부식류,부탄가스, 분유세트,기저귀,모기약 등",서울특별시 동대문구 사가정로 37,070-7518-7546,서울특별시,동대문구
참조은마트,"생수,쌀,부식류,부탄가스, 분유세트,기저귀,모기약 등",서울특별시 동대문구 전농로 44,02-2246-0070,서울특별시,동대문구
싱싱할인마트,"생수,쌀,부식류,부탄가스, 분유세트,기저귀,모기약 등",서울특별시 동대문구 답십리로66길 87,02-2215-9033,서울특별시,동대문구
전곡할인마트,"생수,쌀,부식류,부탄가스, 분유세트,기저귀,모기약 등",서울특별시 동대문구 한천로 190,02-2247-7879,서울특별시,동대문구
웰빙마트,"생수,쌀,부식류,부탄가스, 분유세트,기저귀,모기약 등",서울특별시 동대문구 제기로 132,02-969-8600,서울특별시,동대문구
GS25,"생수,쌀,부식류,부탄가스, 분유세트,기저귀,모기약 등",서울특별시 동대문구 회기로25길 23,02-967-7029,서울특별시,동대문구
충주상회,"생수,쌀,부식류,부탄가스, 분유세트,기저귀,모기약 등",서울특별시 동대문구 외대역동로1길 24,02-2216-0552,서울특별시,동대문구
서흥하이퍼마켓,"생수,쌀,부식류,부탄가스, 분유세트,기저귀,모기약 등",서울특별시 동대문구 망우로16길 20,02-2245-3351,서울특별시,동대문구
GS외대휘경점,"생수,쌀,부식류,부탄가스, 분유세트,기저귀,모기약 등",서울특별시 동대문구 휘경로 30,02-957-2522,서울특별시,동대문구
럭키할인마트,"생수,쌀,부식류,부탄가스, 분유세트,기저귀,모기약 등",서울특별시 동대문구 신이문로 27,02-967-7678,서울특별시,동대문구
홈플러스면목점,생필품,서울특별시 중랑구 면목천로 33,02-439-2045,서울특별시,중랑구
이마트상봉점,생필품,서울특별시 중랑구 상봉로 118,02-490-1234,서울특별시,중랑구
이마트묵동점,생필품,서울특별시 중랑구 동일로932,02-2094-1234,서울특별시,중랑구
홈플러스신내점,생필품,서울특별시 중랑구 신내로 201,02-2024-8124,서울특별시,중랑구
홈플러스상봉점,생필품,서울특별시 중랑구 망우로 353,02-6922-8100,서울특별시,중랑구
롯데슈퍼,"생필품, 생수,쌀,부식류,부탄가스, 분유세트,기저귀,모기약 등",서울특별시 중랑구 겸재로9길23,02-432-3043,서울특별시,중랑구
하모니마트 면목점,"생수, 쌀, 기타생필품",서울특별시 중랑구 면목로 48길 39,02-2207-5785,서울특별시,중랑구
면목공판장,"생수,쌀,부식류,부탄가스, 분유세트,기저귀,모기약 등",서울특별시 중랑구 면목로30길 7,02-436-1401,서울특별시,중랑구
유마트,"생수,쌀,부식류,부탄가스, 분유세트,기저귀,모기약 등",서울특별시 중랑구 면목로35길 9,02-494-0016,서울특별시,중랑구
현대홈마트,생필품,서울특별시 중랑구 상봉중앙로 57,02-434-5551,서울특별시,중랑구
수마트,"쌀,생수 기타 생필품",서울특별시 중랑구 봉우재로99,02-496-5678,서울특별시,중랑구
복지할인마트,"쌀, 생수,기타 생필품",서울특별시 중랑구 동일로 796 ,02-496-8366,서울특별시,중랑구
정나눔마트,생활용품,서울특별시 중랑구 봉화산로3길 59,02-437-7077,서울특별시,중랑구
더브러마트,"쌀, 생수, 기타 생필품",서울특별시 중랑구 공릉로2길31,02-971-8332,서울특별시,중랑구
롯데수퍼 묵동점,"생수, 쌀, 부식류, 부탄가스, 표백제 등",서울특별시 중랑구 동일로 887,02-949-6401,서울특별시,중랑구
농협하나로마트(망우점),"쌀, 생수, 기타 생필품",서울특별시 중랑구 용마산로118길 94,02-433-8022,서울특별시,중랑구
용마공판장,"생수, 쌀, 부식류, 부탄가스, 분유세트, 기저귀, 모기약 등",서울특별시 중랑구 용마공원로 38,02-435-4373,서울특별시,중랑구
수협바다마트,"식품, 잡화 전품목",서울특별시 중랑구 신내로14길 21,02-3723-0100,서울특별시,중랑구
농협하나로마트(신내점),"생수, 쌀, 부탄가스, 분유, 젖병, 부식류, 즉석식품 등 ",서울특별시 중랑구 신내로 74,02-493-3080,서울특별시,중랑구
G마트,생필품,서울특별시 강북구 한천로144길 12,02-990-2165,서울특별시,강북구
롯데마트삼양점,생필품,서울특별시 강북구 삼양로 247,02-944-1520,서울특별시,강북구
롯데마트수유점,생필품,서울특별시 강북구 도봉로67길 18 ,02-981-5601,서울특별시,강북구
하나로마트 창동점,생필품,서울특별시 도봉구 마들로11길 20 ,02-3499-6121,서울특별시,도봉구
(주)이마트 월계점,"생수 ,쌀, 부식류, 부탄가스, 살균표백제, 즉석식품 등",서울특별시 노원구 마들로3길15,02-2092-1051,서울특별시,노원구
진흥마켓,"생수, 쌀, 부탄가스, 분유",서울특별시 은평구 은평로 203,02-385-0044,서울특별시,은평구
지마트,생필품,서울특별시 서대문구 연희로 245,02-325-8249,서울특별시,서대문구
현대그린마트,생필품,서울특별시 서대문구 통일로 201-1,02-364-5433,서울특별시,서대문구
스타슈퍼,생필품,서울특별시 서대문구 북아현로 62,02-363-3230,서울특별시,서대문구
신촌오렌지마트,생필품,서울특별시 서대문구 이화여대길 50-12,02-365-8245,서울특별시,서대문구
신라마트,생필품,서울특별시 서대문구 북아현로 4길 9-2,02-313-8115,서울특별시,서대문구
연세마트,생필품,서울특별시 서대문구 홍연8길 3,02-332-4799,서울특별시,서대문구
진성할인마트,생필품,서울특별시 서대문구 간호대로 20,02-391-8884,서울특별시,서대문구
마당쇠 할인마트,생필품,서울특별시 서대문구 홍은중앙로 81,02-395-9663,서울특별시,서대문구
하나마트,생필품,서울특별시 서대문구 모래내로 352-3,02-395-5600,서울특별시,서대문구
진성마트,생필품,서울특별시 서대문구 증가로10길 16-41,02-302-4980,서울특별시,서대문구
에덴할인마트,생필품,서울특별시 서대문구 증가로25길 33,02-375-2820,서울특별시,서대문구
서서울농협하나로마트(서강점),"생수, 쌀 등 식품류, 생활용품 ",서울특별시 마포구 창전로 45 서강한화오벨리스크,02-3144-5253,서울특별시,마포구
합정마트(합정역),"생수, 쌀 등 식품류, 생활용품 ","서울특별시 마포구 양화진길5, 합정아파트",02-334-6323,서울특별시,마포구
서민구판장(망원역),"생수, 쌀 등 식품류, 생활용품 ",서울특별시 마포구 망원로8길 43,02-335-2494,서울특별시,마포구
다농마트(마포농수산물센터),"생수, 쌀 등 식품류, 생활용품 ",서울특별시 마포구 월드컵로 211,02-303-9893,서울특별시,마포구
홈플러스 목동점,"생수, 쌀 등 식품류, 생활용품 ",서울특별시 양천구 목동서로 170,02-2644-2080,서울특별시,양천구
이마트 신월점,"생수, 쌀 등 식품류, 생활용품 ",서울특별시 양천구 화곡로 59,02-6716-1240,서울특별시,양천구
경서농협하나로마트 신정점,"생수, 쌀 등 식품류, 생활용품 ",서울특별시 양천구 신월로 313,02-2696-8012,서울특별시,양천구
이마트가양점,"생수, 쌀 등 식품류, 생활용품 ",서울특별시 강서구 양천로 559,02-2101-1053,서울특별시,강서구
홈플러스 강서점,"생수, 쌀 등 식품류, 생활용품 ",서울특별시 강서구 화곡로 398,02-2660-8000,서울특별시,강서구
강서농업협동조합,"생수, 쌀 등 식품류, 생활용품 ",서울특별시 강서구 금낭화로 127,02-2669-6153,서울특별시,강서구
롯데마트구로점,"생수, 쌀 등 식품류, 생활용품 ",서울특별시 구로구 경인로482,02-2639-2521,서울특별시,구로구
이마트구로점,"생수, 쌀 등 식품류, 생활용품 ",서울특별시 구로구 디지털로32길43,02-2009-1051,서울특별시,구로구
홈플러스신도림점,"생수, 쌀 등 식품류, 생활용품 ",서울특별시 구로구 경인로661,02-2618-2080,서울특별시,구로구
홈플러스,"쌀, 부탄가스, 세제류",서울특별시 금천구 시흥대로 201,02-895-2080,서울특별시,금천구
하모니마트,"쌀, 부탄가스, 세제류",서울특별시 금천구 가산로 116,02-853-9933,서울특별시,금천구
빅마켓,"쌀, 부탄가스, 세제류",서울특별시 금천구 두산로71,02-809-2500,서울특별시,금천구
홈플러스,"쌀, 부탄가스, 세제류",서울특별시 금천구 시흥대로391,02-890-8000,서울특별시,금천구
가락공판장 해나온식자재마트,"쌀, 부탄가스, 세제류",서울특별시 금천구 독산로204,02-808-5100,서울특별시,금천구
그랜드마트,"쌀, 부탄가스, 세제류",서울특별시 금천구 시흥대로142길 23,02-851-2351,서울특별시,금천구
제일소비자유통,"쌀, 부탄가스, 세제류",서울특별시 금천구 남부순환로126길 15,02-858-5838,서울특별시,금천구
농심할인마트,"쌀, 부탄가스, 세제류",서울특별시 금천구 독산로74길 14,02-864-9291,서울특별시,금천구
소비자유통,"쌀, 부탄가스, 세제류",서울특별시 금천구 시흥대로62길 60,02-892-5533,서울특별시,금천구
금천식자재마트,"쌀, 부탄가스, 세제류",서울특별시 금천구 금하로 763,02-893-3650,서울특별시,금천구
고려할인마트,"쌀, 부탄가스, 세제류",서울특별시 금천구 시흥대로18길16,02-809-8286,서울특별시,금천구
아울렛마트,"쌀, 부탄가스, 세제류",서울특별시 금천구 독산로40길29,02-893-4545,서울특별시,금천구
은행나무마트,"쌀, 부탄가스, 세제류",서울특별시 금천구 금하로 705,02-891-4666,서울특별시,금천구
홈플러스영등포점,"쌀, 부탄가스, 세제류",서울특별시 영등포구 당산로 42,02-2165-8112,서울특별시,영등포구
이마트영등포점,"쌀, 부탄가스, 세제류",서울특별시 영등포구 영중로 15,02-3468-1050,서울특별시,영등포구
바다마트,생필품,서울특별시 동작구 만양로 84,02-813-6114,서울특별시,동작구
진로마트,생필품,서울특별시 동작구 장승배기로 113,02-817-0091,서울특별시,동작구
동남할인마트,생필품,서울특별시 동작구 상도로37길 54,02-814-2811,서울특별시,동작구
웰빙마트,생필품,서울특별시 동작구 상도로 340,02-823-9822,서울특별시,동작구
이마트 에브리데이 상도점,생필품,서울특별시 동작구 상도로31길 19,02-823-3651,서울특별시,동작구
성대마트,생필품,서울특별시 동작구 상도로 102,02-825-0400,서울특별시,동작구
삼원마트,생필품,서울특별시 동작구 상도로22길 37,02-822-2934,서울특별시,동작구
고마트,생필품,서울특별시 동작구 양녕로26나길 8,02-821-8305,서울특별시,동작구
하나로마트 흑석점,생필품,서울특별시 동작구 서달로 150,02-813-7013,서울특별시,동작구
이마트,생필품,서울특별시 동작구 사당로300 B1,02-595-1234,서울특별시,동작구
왕창할인마트,생필품,서울특별시 동작구 동작대로29길 63-6,02-533-2842,서울특별시,동작구
코사마트,생필품,서울특별시 동작구 사당로13길 86,02-596-3710,서울특별시,동작구
대림슈퍼,생필품,서울특별시 동작구 사당로17길 85,02-533-8834,서울특별시,동작구
홈플러스익스프레스남성점,생필품,서울특별시 동작구 사당로215,02-3481-8541,서울특별시,동작구
남부농협 (남성역점),생필품,서울특별시 동작구 사당로16길 35,02-525-1500,서울특별시,동작구
신세기마트,생필품,서울특별시 동작구 사당로 244,02-588-3843,서울특별시,동작구
GS슈퍼마켓,생필품,서울특별시 동작구 쑥고개로 111,02-873-0637,서울특별시,동작구
세이브마트,생필품,서울특별시 동작구 난곡로 220,02-856-6022,서울특별시,동작구
하모니마트,생필품,서울특별시 서초구 사임당로 84,02-584-2394,서울특별시,서초구
현대할인마트,생필품,"서울특별시 서초구 사임당로 151, 대한무지개종합상가 ",02-522-0468,서울특별시,서초구
프리마트,생필품,서울특별시 서초구 효령로46길 5,02-522-9876,서울특별시,서초구
이마트에브리데이 서초동점,생필품,서울특별시 서초구 서운로 216,02-534-3651,서울특별시,서초구
코끼리마트,생필품,서울특별시 서초구 강남대로95길 52 ,02-3444-1285,서울특별시,서초구
뉴엘루체마트,생필품,서울특별시 서초구 신반포로 23,02-593-8288,서울특별시,서초구
강남공판장,생필품,서울특별시 서초구 사평대로55길 140,02-517-5976,서울특별시,서초구
롯데슈퍼 신반포점,생필품,서울특별시 서초구 신반포로15길 29,02-595-4617,서울특별시,서초구
뉴코아아울렛 강남점,생필품,서울특별시 서초구 잠원로 51,02-530-5000,서울특별시,서초구
서래그린마트,생필품,서울특별시 서초구 사평대로26길 58,02-534-1288,서울특별시,서초구
원마트,생필품,서울특별시 서초구 방배로37길 11,02-535-8565,서울특별시,서초구
코끼리마트방배점,생필품,서울특별시 서초구 방배중앙로 30,02-525-8955,서울특별시,서초구
방배 굿모닝마트,생필품,서울특별시 서초구 방배천로16길 18,02-597-8856,서울특별시,서초구
대농마트,생필품,서울특별시 서초구 방배로76(지층),02-587-4145,서울특별시,서초구
롯데슈퍼(방배2점),생필품,서울특별시 서초구 방배로33길29,02-536-0004,서울특별시,서초구
다인마트,생필품,서울특별시 서초구 바우뫼로7길 8 ,02-578-9128,서울특별시,서초구
영동농협,생필품,서울특별시 서초구 동산로6길 3,02-571-8388,서울특별시,서초구
CU편의점,생필품,서울특별시 서초구 염곡말길19,02-575-3118,서울특별시,서초구
이마트역삼점,생필품,서울특별시 강남구 논현로11길53,02-6908-1234,서울특별시,강남구
GS 슈퍼마켓 강남영동점,생필품,서울특별시 강남구 강남대로128길 20 (논현동),02-548-6071,서울특별시,강남구
롯데마트 월드타워점,생필품,서울특별시 송파구 올림픽로 269,02-2145-8000,서울특별시,송파구
이마트가든파이브점,생필품,서울특별시 송파구 충민로 10 가든파이브툴,02-411-1234,서울특별시,송파구
이마트 천호점,생필품,서울특별시 강동구 천호대로 1017,02-2224-1234,서울특별시,강동구
농협하나로마트 자갈치점,"쌀, 생수, 부탄가스, 부식 등",부산광역시 중구 구덕로 73(남포동),051-250-7704,부산광역시,중구
롯데마트 광복점,"쌀, 생수, 부탄가스, 부식 등",부산광역시 중구 중앙대로2,051-250-2921,부산광역시,중구
세용마트,"쌀, 생수, 부탄가스, 부식, 살균·표백제 등",부산광역시 서구 대영로 78(동대신동),051-242-2826,부산광역시,서구
홈플러스 수퍼 좌천점,"쌀, 생수, 부탄가스, 부식, 살균·표백제 등",부산광역시 동구 고관로 143(좌천동),051-647-8564,부산광역시,동구
홈플러스 영도점,"쌀, 생수, 부탄가스, 부식, 살균·표백제 등",부산광역시 영도구 대교로14번길 57,051-419-8120,부산광역시,영도구
㈜대교마트,"쌀, 생수, 부탄가스, 부식, 살균·표백제 등",부산광역시 영도구 태종로 393,051-413-5577,부산광역시,영도구
이마트 서면점,"쌀, 생수, 부탄가스, 부식, 즉석식품 등",부산광역시 부산진구 시민공원로 31(부암동),051-718-1050,부산광역시,부산진구
동래메가마트,"생수, 부탄가스, 분유세트 등",부산광역시 동래구 충렬대로 197(명륜동),051-550-6021,부산광역시,동래구
휴마트 명륜점,"생수, 부탄가스, 분유세트 등",부산광역시 동래구 문화로 7,051-553-5057,부산광역시,동래구
더마트 대연점,"쌀, 생수, 부탄가스, 부식, 살균·표백제 등",부산광역시 남구 진남로 115-7,051-621-9976,부산광역시,남구
농협하나로마트,"쌀, 부식류, 생필품 등",부산광역시 북구 금곡대로 469(금곡동),051-330-9068,부산광역시,북구
롯데마트 화명점,"쌀, 부식류, 생필품 등",부산광역시 북구 화명대로 47,051-604-2522,부산광역시,북구
메가마트 덕천점,"쌀, 부식류, 생필품 등",부산광역시 북구 기찰로 164(덕천동),051-241-6000,부산광역시,북구
이마트 해운대점,"생수, 부탄가스, 분유세트 등",부산광역시 해운대구 좌동순환로 511,051-608-1054,부산광역시,해운대구
홈플러스 센텀시티점,"생수, 부탄가스, 분유세트 등",부산광역시 해운대구 센텀동로 6(우동),051-709-8121,부산광역시,해운대구
서원유통 신평점,"쌀, 부식류, 생필품 등",부산광역시 사하구 하신중앙로 260,051-293-8483,부산광역시,사하구
서원유통 신다대점,"쌀, 부식류, 생필품 등",부산광역시 사하구 다송로 58,051-266-8255,부산광역시,사하구
서원유통 감천점,"쌀, 부식류, 생필품 등",부산광역시 사하구 감천로 29,051-202-3555,부산광역시,사하구
서원유통 당리점,"쌀, 부식류, 생필품 등",부산광역시 사하구 낙동대로353,051-291-0035,부산광역시,사하구
서원유통 장림점,"쌀, 부식류, 생필품 등",부산광역시 사하구 다대로300번길 8,051-262-1991,부산광역시,사하구
금정농협하나로마트,"생수, 부탄가스, 분유세트 등",부산광역시 금정구 금강로 717(남산동),051-580-8862,부산광역시,금정구
롯데마트 금정점,"생수, 부탄가스, 분유세트 등",부산광역시 금정구 중앙대로 1731(부곡동),051-580-7700,부산광역시,금정구
대저농협하나로마트,"쌀, 생수, 부탄가스, 부식, 살균·표백제 등",부산광역시 강서구 대저로 229(대저동),051-971-1967,부산광역시,강서구
강서할인마트 대저점,"쌀, 생수, 부탄가스, 부식, 살균·표백제 등",부산광역시 강서구 대저로 199,051-831-4987,부산광역시,강서구
이마트 연제점,"쌀, 부식류, 생필품 등",부산광역시 연제구 연수로 89(연산동),051-860-1050,부산광역시,연제구
한양스토아 남천점,"생수, 부탄가스, 부식류 등","부산광역시 수영구 광안해변로 95,비치아파트 A상가",051-624-3131,부산광역시,수영구
㈜농심 부산지사,라면,부산광역시 사상구 사상로455번길 46,051-510-5510,부산광역시,사상구
이마트 사상점,"쌀, 부식류, 생필품 등",부산광역시 사상구 광장로 17,051-329-1004,부산광역시,사상구
비세일마트 교리점,"쌀, 생수, 부탄가스, 분유세트 등",부산광역시 기장군 기장읍 차성동로 174,051-722-0207,부산광역시,기장군
탑마트 기장점,"쌀, 생수, 부탄가스, 분유세트 등",부산광역시 기장군 기장읍 대청로71번길 5,051-722-1001,부산광역시,기장군
대백프라자,"쌀, 부식류, 생필품 등",대구광역시 중구 명덕로 333(대봉동),053-420-8708,대구광역시,중구
대구백화점,"쌀, 부식류, 생필품 등",대구광역시 중구 동성로 30,053-420-8708,대구광역시,중구
동아백화점,"쌀, 부식류, 생필품 등",대구광역시 중구 달구벌대로 2085(덕산동),053-251-3391,대구광역시,중구
현대백화점,"쌀, 부식류, 생필품 등",대구광역시 중구 달구벌대로 2077(계산동),053-245-3104,대구광역시,중구
홈플러스 동촌점,"쌀, 부식류, 생필품 등",대구광역시 동구 동촌리 127(검사동),053-559-2080,대구광역시,동구
하나로마트 대구축협 본점,"쌀, 부식류, 생필품 등",대구광역시 동구 동북로 296(신암동),053-957-9901,대구광역시,동구
홈마트 신서점,"쌀, 부식류, 생필품 등",대구광역시 동구 반야월북로55길 2(신서동),053-961-0087,대구광역시,동구
대백마트 불로점,"쌀, 부식류, 생필품 등",대구광역시 동구 팔공로28길 6(불로동),053-981-2555,대구광역시,동구
내고장할인마트,"쌀, 부식류, 생필품 등",대구광역시 동구 아양로37길 14(신암동),053-957-8092,대구광역시,동구
홈플러스 내당점,"쌀, 부식류, 생필품 등",대구광역시 서구 달구벌대로 1821(내당동),053-567-2080,대구광역시,서구
이마트 비산점,"쌀, 부식류, 생필품 등",대구광역시 서구 팔달로 54(비산동),053-714-1050,대구광역시,서구
하나로마트 서대구농협,"쌀, 부식류, 생필품 등",대구광역시 서구 서대구로 92(평리동),053-561-8860,대구광역시,서구
대백마트 봉덕지점,"쌀, 부식류, 생필품 등",대구광역시 남구 대봉로 78(봉덕동),053-652-7788,대구광역시,남구
윌마트 본점,"쌀, 부식류, 생필품 등",대구광역시 남구 대봉로 92(이천동),053-476-2150,대구광역시,남구
하나로마트 대구축협봉덕점,"쌀, 부식류, 생필품 등",대구광역시 남구 봉덕로 105(봉덕동),053-476-9904,대구광역시,남구
홈플러스 대구점,"쌀, 부식류, 생필품 등",대구광역시 북구 중앙대로 543(칠성동),053-350-8121,대구광역시,북구
홈플러스 칠곡점,"쌀, 부식류, 생필품 등",대구광역시 북구 동암로12길 8(동천동),053-607-8124,대구광역시,북구
이마트 칠성점,"쌀, 부식류, 생필품 등","대구광역시 북구 침산로 93(칠성동, 스펙트럼시티)",053-609-1119,대구광역시,북구
롯데마트 칠성점,"쌀, 부식류, 생필품 등",대구광역시 북구 호암로 1(칠성동),053-715-2520,대구광역시,북구
하나로마트 동대구농협본점,"쌀, 부식류, 생필품 등",대구광역시 수성구 달구벌대로 2487(범어동),053-751-0094,대구광역시,수성구
이마트 만촌점,"쌀, 부식류, 생필품 등",대구광역시 수성구 동원로 136(만촌동),053-602-1052,대구광역시,수성구
동아백화점 수성점,"쌀, 부식류, 생필품 등",대구광역시 수성구 지범로 191(범물동),053-780-2301,대구광역시,수성구
동아마트 수성점,"쌀, 부식류, 생필품 등","대구광역시 수성구 수성로 393(수성동4가, 수성하이츠)",053-754-2031,대구광역시,수성구
이마트 성서점,"쌀, 부식류, 생필품 등",대구광역시 달서구 이곡동로 24(이곡동),053-605-1119,대구광역시,달서구
이마트 월배점,"쌀, 부식류, 생필품 등",대구광역시 달서구 진천로 92(대천동),053-607-1050,대구광역시,달서구
홈플러스 성서점,"쌀, 부식류, 생필품 등",대구광역시 달서구 달구벌대로 1467(용산동),053-550-8121,대구광역시,달서구
홈플러스 상인점,"쌀, 부식류, 생필품 등",대구광역시 달서구 월배로 183(상인동),053-380-8121,대구광역시,달서구
하나로마트 달성점,"쌀, 부식류, 생필품 등",대구광역시 달성군 화원읍 성천로 9,053-607-2051,대구광역시,달성군
성원할인마트,"쌀, 부식류, 생필품 등",대구광역시 달성군 논공읍 논공로21길 14-16,053-614-8481,대구광역시,달성군
대백마트 다사점,"쌀, 부식류, 생필품 등",대구광역시 달성순 다사읍 달구벌대로174길 7,053-588-7007,대구광역시,달성순
공단할인마트,"쌀, 부식류, 생필품 등",대구광역시 달성군 옥포읍 시저로 4,053-611-2508,대구광역시,달성군
킹스할인마트 현풍점,"쌀, 부식류, 생필품 등",대구광역시 달성군 현풍읍 비슬로130길 10,053-611-0231,대구광역시,달성군
이마트 트레이더스 송림점,"쌀, 부식류, 생필품 등",인천광역시 동구 봉수대로 82(송림동),032-722-1119,인천광역시,동구
이마트 인천공항점,"쌀, 부식류, 생필품 등",인천광역시 중구 공항로424번길 36(운서동),032-744-1234,인천광역시,중구
이마트 동인천점,"쌀, 부식류, 생필품 등",인천광역시 중구 인중로 134(신생동),032-451-1234,인천광역시,중구
홈플러스 숭의지점,"쌀, 부식류, 생필품 등",인천광역시 미추홀구 석정로 51(숭의동),032-719-2020,인천광역시,미추홀구
롯데슈퍼 연수점,"쌀, 부식류, 생필품 등",인천광역시 연수구 원이재로 59(동춘동),032-815-8114,인천광역시,연수구
남동농협 하나로마트,"쌀, 부식류, 생필품 등",인천광역시 남동구 장승로 28,032-460-6705,인천광역시,남동구
남동정수사업소,식수,인천시 남동구 장수동 668번지 ,032-720-2650,인천시,남동구
부평농협 하나로마트,"쌀, 부식류, 생필품 등",인천광역시 부평구 길주로 597(갈산동),032-500-2558,인천광역시,부평구
홈플러스 작전점,"쌀, 부식류, 생필품 등",인천광역시 계양구 계양대로 27(작전동),032-540-8000,인천광역시,계양구
이마트 계양점,"쌀, 부식류, 생필품 등",인천광역시 계양구 봉오대로 785(작전동),032-717-1234,인천광역시,계양구
홈플러스 인천가좌점,"쌀, 부식류, 생필품 등",인천광역시 서구 가정로151번길 11(가좌동),032-453-8124,인천광역시,서구
이마트 인천검단점,"쌀, 부식류, 생필품 등",인천광역시 서구 서곶로 754(당하동),032-440-1051,인천광역시,서구
롯데마트 인천청라점,"쌀, 부식류, 생필품 등",인천광역시 서구 청라커낼로 252(청라동),032-590-2521,인천광역시,서구
홈플러스 인천청라점,"쌀, 부식류, 생필품 등",인천광역시 서구 중봉대로 587(경서동),032-723-8925,인천광역시,서구
롯데마트 검단점,"쌀, 부식류, 생필품 등",인천광역시 서구 원당대로 581(마전동),032-560-2524,인천광역시,서구
하나로마트 강화농협농산물직판장,"쌀, 부식류, 생필품 등",인천광역시 강화군 강화읍 중앙로 68,032-934-0901,인천광역시,강화군
플러스마트 강화점,"쌀, 부식류, 생필품 등",인천광역시 강화군 강화읍 남문로 7,032-934-8262,인천광역시,강화군
중앙마트,"쌀, 부식류, 생필품 등",인천광역시 강화군 강화읍 강화대로429,032-932-2015,인천광역시,강화군
이브자리 강화점,"담요, 전기매트 등",인천광역시 강화군 강화읍 강화대로 388,032-933-1888,인천광역시,강화군
한일자동펌프,양 수 기 등,인천광역시 강화군 강화읍강화대로284,032-932-3083,인천광역시,강화군
재 경 약 국,응급약품세트,인천광역시 강화군 강화읍강화대로412,032-934-4741,인천광역시,강화군
하나로마트 강화농협중앙지점,"쌀, 부식류, 생필품 등",인천광역시 강화군 강화읍 강화대로 391,032-934-0541,인천광역시,강화군
하나로마트 인천농협본점 ,"쌀, 부식류, 생필품 등",인천광역시 중구 인중로41번길 1(신흥동),032-760-1311,인천광역시,중구
이마트 동광주점,개별구호물품,광주광역시 동구 중앙로 358(계림동),062-519-1050,광주광역시,동구
전남농산물직판장,"생필품, 주부식류",광주광역시 서구 화정로 312(농성동),062-365-0226,광주광역시,서구
남광주농협,개별구호물품,광주광역시 남구 대남대로 169(주월동),062-600-3336,광주광역시,남구
장터마트,개별구호물품,광주광역시 북구 호동로 13(용봉동),062-262-2702,광주광역시,북구
한들마트,개별구호물품,광주광역시 광산구 내상로 3(송정동),062-945-5080,광주광역시,광산구
홈플러스 가오점,부식류 등(개별구호물품),대전광역시 동구 은어송로 72(가오동),042-281-8000,대전광역시,동구
농협 대전 농산물유통센터,부식류 등(개별구호물품),대전광역시 중구 대둔산로 199번길 43(산성동),042-580-5030,대전광역시,중구
홈플러스 둔산점,부식류 등(개별구호물품),대전광역시 서구 문예로 107,042-611-8121,대전광역시,서구
유성농협 하나로마트 궁동점,부식류 등(개별구호물품),대전광역시 유성구 농대로 13(궁동),042-822-2869,대전광역시,유성구
회덕농협 와동점,부식류 등(개별구호물품),대전광역시 대덕구 와동 372-3,042-622-9020,대전광역시,대덕구
신탄진농협,부식류 등(개별구호물품),대전광역시 대덕구 덕암동 60-6,042-931-5501,대전광역시,대덕구
홈플러스 울산점,"생수, 쌀, 부식류 등",울산광역시 중구 번영로 475,052-290-8124,울산광역시,중구
한사랑약국,응급의약품,"울산광역시 중구 번영로 475, 1층",052-296-9991,울산광역시,중구
희망약국,응급의약품,"울산광역시 중구 번영로 590, 103호",052-294-0906,울산광역시,중구
롯데마트 울산점,"수건, 가스버너, 취사도구 등",울산광역시 남구 삼산로 74,052-228-2521,울산광역시,남구
삼산현대약국,응급의약품,울산광역시 남구 삼산로중로 69,052-268-5666,울산광역시,남구
모여라마트,"생수, 쌀, 부식류 등",울산광역시 동구 월봉10길 19,052-201-8383,울산광역시,동구
팜플러스약국,응급의약품,울산광역시 동구 방어진순환도로 637,052-234-6664,울산광역시,동구
롯데마트 진장점,"생수, 쌀, 부식류 등",울산광역시 북구 진장유통로 64,052-240-2522,울산광역시,북구
느티나무약국,응급의약품,울산광역시 북구 진장유통로 90 농협울산유통센터 내,052-287-7320,울산광역시,북구
메가마트 언양점,"생수, 쌀, 부식류 등",울산광역시 울주군 삼남면 반구대로 612,052-255-6021,울산광역시,울주군
나이스 할인클럽,"생수, 쌀, 부식류 등",울산광역시 울주군 온산읍 덕망로 3,052-237-7111,울산광역시,울주군
임약국,응급의약품,울산광역시 울주군 언양읍 헌양길 46,052-262-0073,울산광역시,울주군
부산약국,응급의약품,울산광역시 울주군 온산읍 덕신로 258,052-238-6677,울산광역시,울주군
천사마트,"쌀, 부식류, 생필품 등",세종특별자치시 조치원읍 충현로 50,044-862-1004,세종특별자치시,조치원읍
세종중앙농협 나성지점,"쌀, 부식류, 생필품 등",세종특별자치시 나성로 96 더센트럴 1층,044-868-4538,세종특별자치시,나성로
뉴마트,"쌀, 부식류, 생필품 등",세종특별자치시 한누리대로 291,044-863-9458,세종특별자치시,한누리대로
이마트 세종점,"쌀, 부식류, 생필품 등",세종특별자치시 금송로 687(가람동),044-902-1251,세종특별자치시,금송로
조치원농협 하나로마트,"쌀, 부식류, 생필품 등",세종특별자치시 조치원읍 대첩로 5,044-865-2460,세종특별자치시,조치원읍
이마트에브리데이,"쌀, 부식류, 생필품 등",세종특별자치시 남세종로 469(소담동),044-417-6117,세종특별자치시,남세종로
홈플러스 조치원점,"쌀, 부식류, 생필품 등",세종특별자치시 조치원읍 허만석로 60,044-861-8124,세종특별자치시,조치원읍
이마트 광교점,"쌀, 부식류 등",경기도 수원시 영통구 광교로 191,031-328-9151,경기도,수원시
이마트 화정점,"쌀, 부식류 등",경기도 고양시 덕양구 백양로79,031-995-1050,경기도,고양시
㈜한울정보넷,"천막, 탁자, 의자 등",경기도 일산동구 일산로463번길 48-1,031-918-1244,경기도,일산동구
용인농협 파머스마켓,"생수, 쌀, 부식류 등",경기도 용인시 처인구 금령로55번길 16,031-321-7100,경기도,용인시
그랜드약국,응급의약품,경기도 용인시 처인구 금령로71번길 16,031-335-4996,경기도,용인시
농협성남농산물종합유통센터,"쌀, 부식류 등",경기도 성남시 분당구 성남대로43번길 11,031-738-9113,경기도,성남시
해인약국,응급의약품,경기도 성남시 분당구 양현로 310번길 7,031-8017-2243,경기도,성남시
부천농협하나로마트,"쌀, 부식류 등",경기도 부천시 신흥로 187,032-321-3675,경기도,부천시
정약국,응급의약품,경기도 부천시 길주로 221,032-327-8791,경기도,부천시
안산농협하나로마트,"쌀, 부식류 등",경기도 안산시 상록구 예술광장로 75,031-405-8511,경기도,안산시
농협하나로마트,"생수, 쌀, 부식류 등",경기도 화성시 남양읍 남양시장로 58-6,031-356-2905,경기도,화성시
동남마트,"쌀, 부식류 등",경기도 남양주시 홍유릉로 282,031-559-8863,경기도,남양주시
이마트 남양주점,"쌀, 부식류 등",경기도 남양주시 늘을2로 27,031-590-1051,경기도,남양주시
다보약국,응급의약품,경기도 남양주시 사릉로 431,031-573-9028,경기도,남양주시
관양할인마트,"쌀, 부식류, 생필품",경기도 안양시 동안구 관평로328번길 36,031-381-6161,경기도,안양시
우리마트,"쌀, 부식류, 생필품",경기도 안양시 만안구 석천로171번길 20,031-381-8185,경기도,안양시
신라약국,응급 의약품,경기도 안양시 동안구 관평로 227,031-381-1563,경기도,안양시
평택농협하나로마트,"쌀, 부식류 등",경기도 평택시 평택1로 45,031-8053-6850,경기도,평택시
롯데마트 의정부점,"쌀, 부식류 등",경기도 의정부시 산단로76번길116,031-850-2514,경기도,의정부시
롯데마트 장암점,"쌀, 부식류 등",경기도 의정부시 장곡로 224,031-849-2523,경기도,의정부시
장암프라자약국,응급의약품,경기도 의정부시 발곡로 34,031-826-5571,경기도,의정부시
광탄농협하나로마트,"쌀, 부식류 등",경기도 파주시 광탄면 신산리 366-1,031-947-7871,경기도,파주시
금촌코끼리약국,응급의약품,"경기도 파주시 시청로 2, 1층",031-948-8275,경기도,파주시
이마트 시화점,부식류 등,경기도 시흥시 정왕대로 210,031-496-4123,경기도,시흥시
굿마트,부식류 등,경기도 시흥시 시청로68번길 14,031-404-5949,경기도,시흥시
이마트 에브리데이,부식류 등,경기도 시흥시 새재로17번길 3,031-315-8364,경기도,시흥시
김포농협하나로마트,"쌀, 부식류 등",경기도 김포시 북변로 11,031-984-8251,경기도,김포시
주)팜스마트 사우점,"쌀, 부식류 등",경기도 김포시 사우로 15-9,031-997-3134,경기도,김포시
이마트 광명점,"생수, 쌀, 부식류 등",경기도 광명시 오리로970 (광명동) ,02-2627-6302,경기도,광명시
철산약국,응급의약품,경기도 광명시 오리로 857(철산동) ,02-2612-2342,경기도,광명시
크로바쇼핑,"쌀, 부식류 등",경기도 광주시 송정로 15(송정동),031-798-4141,경기도,광주시
럭키마트,"쌀, 부식류 등",경기도 군포시 산본천로 18,031-393-0189,경기도,군포시
이천농협,"쌀, 부식류 등",경기도 이천시 영창로 235(창전동),031-634-7164,경기도,이천시
콜마트,"쌀, 부식류 등",경기도 오산시 운천로115,031-373-0555,경기도,오산시
수협바다마트 신장점,"쌀, 부탄가스 등",경기도 하남시 대청로22번길 17,031-794-6114,경기도,하남시
양주농협하나로마트,"쌀, 부식류 등",경기도 양주시 고읍로 76,031-848-8460,경기도,양주시
광적농협하나로마트,"쌀, 부식류 등",경기도 양주시 광적면 가래비길 132,031-837-0083,경기도,양주시
상대유통,"쌀, 부식류 등","경기도 구리시 동구릉로136번길 90(인창동,구리농수산물수산2동 1층 21110호)",031-567-9500,경기도,구리시
농협하나로마트 수평점,"쌀, 부식류 등",경기도 구리시 이문안로 86,031-550-9364,경기도,구리시
안성농업협동조합,"쌀,부식류 등",경기도 안성시 중앙로 372번길 26,031-678-1880,경기도,안성시
포천농업협동조합,"식품류, 생필품 등",경기도 포천시 중앙로 175,031-534-1906,경기도,포천시
GS 슈퍼마켓 의왕점,쌀 및 부식류,경기도 의왕시 사천로 15,031-453-3067,경기도,의왕시
롯데마트 의왕점,쌀 및 부식류,경기도 의왕시 계원대학로 7,031-470-2520,경기도,의왕시
여주농협하나로마트,"쌀, 부식류 등",경기도 여주시 여흥로 47번길 8-16,031-883-3045,경기도,여주시
여주축협하나로마트,"쌀, 부식류 등",경기도 여주시 강변북로 50,031-886-2471,경기도,여주시
양평농협하나로마트,"쌀, 부식류 등",경기도 양평군 양평읍 남북로 96,031-775-0411,경기도,양평군
국민마트 동두천점,"쌀, 부식류 등",경기도 동두천시 장고갯로 50,031-867-8249,경기도,동두천시
농협하나로마트 동두천점,"쌀, 부식류 등",경기도 동두천시 중앙로 207,031-861-3304,경기도,동두천시
이마트 과천점,"쌀, 생수, 부식류 등",경기도 과천시 별양상가3로 11,02-6445-4123,경기도,과천시
하나로마트 과천점,"쌀, 생수, 부식류 등",경기도 과천시 별양로 178 ,02-500-3300,경기도,과천시
가평군농협하나로마트,"쌀, 부식류 등",경기도 가평군 가평읍 가화로 120,031-581-2390,경기도,가평군
연천농협하나로마트,"쌀, 부식류 등",경기도 연천군 연천읍 연천역로 11,031-834-2088,경기도,연천군
전곡농협하나로마트,"쌀, 부식류 등",경기도 연천군 전곡읍 평화로 557,031-830-3258,경기도,연천군
중앙약국,응급의약품,경기도 연천군 연천읍 연천로252번길 3,031-834-0124,경기도,연천군
춘천농협하나로마트 소양점,생필품 등,강원도 춘천시 소양로3가 110-1,033-253-8030,강원도,춘천시
원주원예 하나로클럽,생필품 등,강원도 원주시 무실로 182,033-749-8841,강원도,원주시
양돈농협하나로마트 신교동지점,생필품 등,강원도 강릉시 솔올로 9,033-655-2216,강원도,강릉시
강릉원마트,생필품 등,강원도 강릉시 성덕포남로 67,033-652-5466,강원도,강릉시
동해시청편의점,생필품 등,강원도 동해시 천곡로 77,033-532-6037,강원도,동해시
원마트,생필품 등,강원도 태백시 황지로 168,033-553-0788,강원도,태백시
속초농협하나로마트 엑스포점,생필품 등,강원도 속초시 동해대로 4202,033-630-1500,강원도,속초시
속초농협하나로마트 중앙시장점,생필품 등,강원도 속초시 중앙로147번길 16,033-633-1508,강원도,속초시
삼척농협하나로마트,생필품 등,강원도 삼척시 정상로 78,033-571-8915,강원도,삼척시
홍천내고향마트,"생필품 등(생수,쌀,부식,즉석식품,부탄가스,칫솔,화장지 등)",강원도 홍천군 홍천읍 희망로13길 9,033-433-0300,강원도,홍천군
델마트,생필품 등,강원도 횡성군 횡성읍 한우로 247,033-343-3341,강원도,횡성군
하나로마트 횡성농협본점,생필품 등,강원도 횡성군 횡성읍 문정로 46,033-344-2914,강원도,횡성군
롯데슈퍼 영월점,생필품 등,강원도 영월군 영월읍 단종로15번길 60-13,033-373-5601,강원도,영월군
평창축협 하나로마트,생필품 등,강원도 평창군 평창읍 백오로 9 ,033-334-2315,강원도,평창군
평창농협 하나로마트,생필품 등,강원도 평창군 평창읍 백오로 63,033-332-2533,강원도,평창군
하나로마트 진부농협점,생필품 등,강원도 평창군 진부면 진부중앙로 27,033-335-8244,강원도,평창군
K마트,생필품 등,강원도 정선군 정선읍 정선로 1255,033-563-4331,강원도,정선군
한일슈퍼마켓,생필품 등,강원도 정선군 정선읍 정선로 1341,033-563-0105,강원도,정선군
정선농협 하나로마트,생필품 등,강원도 정선군 정선읍 봉양7길 34,033-563-2346,강원도,정선군
동철원농협 하나로마트,생필품 등,강원도 철원군 갈말읍 삼부연로 17,033-452-6222,강원도,철원군
할렐루야 슈퍼,생필품 등,강원도 화천군 화천읍 산수화로1길 29,033-442-7800,강원도,화천군
양구농협하나로마트 정중앙점,생필품 등,강원도 양구군 양구읍 청춘로 73-20,033-481-2089,강원도,양구군
하나로마트 인제농협본점,생필품 등,강원도 인제군 인제읍 비봉로 23,033-461-2572,강원도,인제군
하나로마트 인제농협원통점,생필품 등,강원도 인제군 북면 원통로 164,033-461-3280,강원도,인제군
금강농협 파머스마켓,생필품 등,강원도 고성군 간성읍 간성북로7번길 15,033-681-2294,강원도,고성군
양양농협하나로마트,생필품 등,강원도 양양군 양양읍 남문5길 18,033-671-0071,강원도,양양군
양양축협하나로마트,생필품 등,강원도 양양군 양양읍 양양로 49,033-671-8868,강원도,양양군
이마트 청주점,"생수, 쌀 등",충청북도 청주시 서원구 청남로 1853 ,043-210-1051,충청북도,청주시
농협하나로클럽 청주점,"생수, 쌀 등",충청북도 청주시 상당구 무농정로 32,043-290-0143,충청북도,청주시
하나로마트 충북원예농협 본점,"생수, 쌀, 부식 등",충청북도 충주시 번영대로 225,043-850-5934,충청북도,충주시
제천농협 하나로마트,"생수, 쌀, 부식 등",충청북도 제천시 숭문로 92,043-653-8071,충청북도,제천시
보은농협 하나로마트,"치약, 물티슈, 쌀, 부식류 등",충청북도 보은군 보은읍 보은로 143,043-544-0771,충청북도,보은군
삼산약국,"모기약, 반창고 등",충청북도 보은군 보은읍 보은로 104,043-544-3375,충청북도,보은군
해림상회,전기매트(한파 시),충청북도 보은군 보은읍 삼산로3길 3,043-544-2328,충청북도,보은군
옥천농협 하나로마트,"생수, 쌀, 부식 등",충청북도 옥천군 옥천읍 삼금로 21,043-730-6087,충청북도,옥천군
㈜엘마트,"생수, 쌀, 부식 등",충청북도 옥천군 옥천읍 금장로 114,043-732-6650,충청북도,옥천군
㈜제이마트,"생수, 쌀, 부식 등",충청북도 옥천군 옥천읍 관성로 5,043-731-8832,충청북도,옥천군
영동농협 하나로마트,"생수, 쌀, 부식 등",충청북도 영동군 영동읍 난계로 1194,043-740-8080,충청북도,영동군
㈜현대쇼핑,"생수, 쌀, 부식 등",충청북도 영동군 영동읍 계산로 40,043-744-2200,충청북도,영동군
증평농협 하나로마트(중앙점),생필품류,충청북도 증평군 증평읍 역전로 31,043-836-4165,충청북도,증평군
증평농협 하나로마트(본점),생필품류,충청북도 증평군 증평읍 광장로 27,043-838-5459,충청북도,증평군
증평농협 하나로마트(도안지점),생필품류,충청북도 증평군 증평읍 화성로 96,043-836-8032,충청북도,증평군
GS리테일 증평점,생필품류,충청북도 증평군 증평읍 창신로 54,043-836-6711,충청북도,증평군
남한강마트진천점,"생수, 쌀, 부식 등",충청북도 진천군 진천읍 대촌1길 1,043-536-1249,충청북도,진천군
화랑마트,"생수, 쌀, 부식 등",충청북도 진천군 진천읍 남산길 64,043-533-4444,충청북도,진천군
괴산농협 하나로마트,"생수, 쌀, 부식 등",충청북도 괴산군 괴산읍 읍내로 272-5,043-834-0371,충청북도,괴산군
음성농협 하나로마트,"생수, 쌀, 부식 등",충청북도 음성군 음성읍 설성로 69,043-872-6520,충청북도,음성군
생극농협 하나로마트,"생수, 쌀, 부식 등",충청북도 음성군 생극면 음성로 1665-3,043-877-4781,충청북도,음성군
대소농협 하나로마트,"생수, 쌀, 부식 등",충청북도 음성군 대소면 오태로 154,043-881-7344,충청북도,음성군
단양농협 하나로마트,"생수, 쌀, 부식 등",충청북도 단양군 단양읍 삼봉로 287,043-422-3408,충청북도,단양군
종합마트식품,"식품, 부탄가스, 쌀 , 생필품 ",충청남도 천안시 동남구 개목4길 8,041-576-6621,충청남도,천안시
드림마트,생필품,충청남도 공주시 오거리길 6(봉황동),041-858-4688,충청남도,공주시
대천농협 하나로마트,"생수, 쌀, 즉석식품, 부식 등 생필품, 전자제품 등",충청남도 보령시 남대천로 50,041-935-0148,충청남도,보령시
홈플러스 보령점,"생수, 쌀, 즉석식품, 부식 등 생필품, 전자제품 등",충청남도 보령시 명암1길 17,041-939-8114,충청남도,보령시
롯데마트 아산점,"식품,부탄가스",충청남도 아산시 번영로 225,041-537-2500,충청남도,아산시
이마트 아산점,"생수쌀,부식류,살균표백제 즉석식품,분유세트,기저귀,모기약등",충청남도 아산시 온천대로 1678,041-422-1053,충청남도,아산시
아산원예농협하나로클럽(모종),양곡 및 생필품,충청남도 아산시 모종로 49,041-532-8008,충청남도,아산시
아산원예농협하나로클럽(방축),일용품 세트,충청남도 아산시 온천대로 1336,041-538-5000,충청남도,아산시
서산축협,"식료품, 생필품",충청남도 서산시 고운로 157,041-665-7501,충청남도,서산시
논산계룡축산농협 본점  ,"생수,쌀,부식류,부탄가스,살균표백제,즉석식품,분유세트,기저귀,모기약등",충청남도 논산시 시민로194번길 1,041-730-2263,충청남도,논산시
논산계룡농협연산점,식료품등 잡기,충청남도 논산시 연산면 황산벌로 1446,041-734-2480,충청남도,논산시
홈플러스 계룡점,"생수,쌀,부식류,부탄가스,살균표백제,즉석식품,분유세트,기저귀,모기약등",충청남도 계룡시 계룡대로 304,042-840-8000,충청남도,계룡시
롯데마트,"생수,쌀,부식류,부탄가스,살균표백제,즉석식품,분유세트,기저귀,모기약등",충청남도 당진시 정안로 20 롯데마트,041-832-2500,충청남도,당진시
GS슈퍼마켓,"생수,쌀,부식류,부탄가스,살균표백제,즉석식품,분유세트,기저귀,모기약등",충청남도 당진시 당진중앙2로 185-50,041-357-8260,충청남도,당진시
하나로마트 당진농협,"쌀, 생수, 부식류 등 생필품",충청남도 당진시 당진중앙1로 136,041-352-4708,충청남도,당진시
송악농협하나로 마트,"쌀, 생수, 부식류 등 생필품",충청남도 당진시 송악읍 기지시1길 181,041-356-4003,충청남도,당진시
큰길천막,천막 등,충청남도 금산군 금산읍 비호로 40,041-752-5775,충청남도,금산군
금산코아마트,생필품,충청남도 금산군 금산읍 후곤천길 73,041-752-2008,충청남도,금산군
금산농협하나로마트 비호점,생필품,충청남도 금산군 금산읍 비단로 326,041-751-9340,충청남도,금산군
부여농업협동조합,생필품,충청남도 부여군 부여읍 사비로100번길 9,041-835-8000,충청남도,부여군
서천축협 장항 하나로마트,식료품 및 생필품 등,충청남도 서천군 장항읍 장항로 207,041-956-7872,충청남도,서천군
장항농협 하나로마트,식료품 및 생필품 등,충청남도 서천군 장항읍 신창동로 30,041-957-2267,충청남도,서천군
서천축협 본소하나로마트,식료품 및 생필품 등,충청남도 서천군 서천읍 서천로 160,041-953-2220,충청남도,서천군
서천농협 서부하나로마트,식료품 및 생필품 등,충청남도 서천군 서천읍 송신로 17,041-953-2461,충청남도,서천군
동서천농협 화양지소 하나로마트,식료품 및 생필품 등,충청남도 서천군 화양면 옥포길 17,041-951-1584,충청남도,서천군
동서천농협 하나로마트,식료품 및 생필품 등,충청남도 서천군 기산면 기산길 68,041-951-6623,충청남도,서천군
한산농협 하나로마트,식료품 및 생필품 등,충청남도 서천군 한산면 한산모시길 32-4,041-951-0282,충청남도,서천군
동서천농협 마산지소 하나로마트,식료품 및 생필품 등,충청남도 서천군 마산면 삼일로 273,041-953-1688,충청남도,서천군
서천농협 문산지소 하나로마트,식료품 및 생필품 등,충청남도 서천군 문산면 신농길 19,041-952-4020,충청남도,서천군
판교농협 하나로마트,식료품 및 생필품 등,충청남도 서천군 판교면 종판로 897,041-951-5526,충청남도,서천군
서서천농협 하나로마트,식료품 및 생필품 등,충청남도 서천군 비인면 비인로 199-1,041-952-8101,충청남도,서천군
서서천농협 하나로마트 서면점,식료품 및 생필품 등,충청남도 서천군 서면 서인로 754,041-951-8108,충청남도,서천군
청양농협 하나로마트,"생필품, 식음료 등",충청남도 청양군 청양읍 문화예술로 72,041-943-9288,충청남도,청양군
홍성 농협 하나로마트,"쌀, 생수, 부식류 등 생필품",충청남도 홍성군 홍성읍 조양로 151,041-630-4000,충청남도,홍성군
홍성 축협 하나로마트,"쌀, 생수, 부식류 등 생필품",충청남도 홍성군 홍성읍 내포로 139,041-631-8100,충청남도,홍성군
그랜드마트,"쌀, 생수, 부식류 등 생필품",충청남도 홍성군 홍성읍 조양로 18,041-633-6420,충청남도,홍성군
예산농협 하나로마트,"쌀, 생수, 부식류 등 생필품",충청남도 예산군 예산읍 벚꽃로 139-22,041-335-1100,충청남도,예산군
예산축협 하나로마트 신읍내점,"쌀, 생수, 부식류 등 생필품",충청남도 예산군 예산읍 천변로202,041-332-7810,충청남도,예산군
무지개마트신례원점,"쌀, 생수, 부식류 등 생필품",충청남도 예산군 예산읍 신례원로 230,041-335-9220,충청남도,예산군
삽교농협 하나로마트,"쌀, 생수, 부식류 등 생필품",충청남도 예산군 삽교읍 삽교로107,041-337-2080,충청남도,예산군
신양농협 하나로마트 산정점,"쌀, 생수, 부식류 등 생필품",충청남도 예산군 대술면 차동로 1003,041-332-7085,충청남도,예산군
신양농협 하나로마트,"쌀, 생수, 부식류 등 생필품",충청남도 예산군 신양면 청신로 373,041-333-7080,충청남도,예산군
광시농협 하나로마트,"쌀, 생수, 부식류 등 생필품",충청남도 예산군 광시면 예당로 149,041-332-1080,충청남도,예산군
예산농협 하나로마트 대흥점,"쌀, 생수, 부식류 등 생필품",충청남도 예산군 대흥면 중리길 45,041-332-0080,충청남도,예산군
예산농협 하나로마트 대률점,"쌀, 생수, 부식류 등 생필품",충청남도 예산군 대흥면 형제고개로 492-2,041-334-5080,충청남도,예산군
삽교농협 하나로마트 응봉점,"쌀, 생수, 부식류 등 생필품",충청남도 예산군 응봉면 응봉로 152,041-333-0080,충청남도,예산군
덕산농협 하나로마트,"쌀, 생수, 부식류 등 생필품",충청남도 예산군 덕산면 예덕로 3,041-337-4082,충청남도,예산군
덕산농협 하나로마트나 박소점,"쌀, 생수, 부식류 등 생필품",충청남도 예산군 덕산면 수덕사로 659,041-337-6080,충청남도,예산군
고덕농협 하나로마트,"쌀, 생수, 부식류 등 생필품",충청남도 예산군 고덕면 황금뜰로 220,041-337-8040,충청남도,예산군
신암농협 하나로마트,"쌀, 생수, 부식류 등 생필품",충청남도 예산군 신암면 추사로 109,041-332-9080,충청남도,예산군
오가농협 하나로마트,"쌀, 생수, 부식류 등 생필품",충청남도 예산군 오가면 오가중앙로 80,041-332-8080,충청남도,예산군
진흥할인마트,"생수,쌀,부식류,부탄가스,살균표백제,즉석식품,분유세트,기저귀,모기약등",충청남도 태안군 태안읍 군청10길 12,041-674-4414,충청남도,태안군
소원농협하나로마트,"생수,쌀,부식류,부탄가스,살균표백제,즉석식품,분유세트,기저귀,모기약등",충청남도 태안군 소원면 신덕길 18-1,041-672-5902,충청남도,태안군
원북농협하나로마트,"생수,쌀,부식류,부탄가스,살균표백제,즉석식품,분유세트,기저귀,모기약등",충청남도 태안군 원북면 상리길 7,041-672-3406,충청남도,태안군
근흥농협하나로마트,"생수,쌀,부식류,부탄가스,살균표백제,즉석식품,분유세트,기저귀,모기약등",충청남도 태안군 근흥면 근흥로 700,041-673-9045,충청남도,태안군
안면농협하나로마트,"생수,쌀,부식류,부탄가스,살균표백제,즉석식품,분유세트,기저귀,모기약등",충청남도 태안군 안면읍 장터로 136-5,041-673-4093,충청남도,태안군
태안농협하나로마트,"생수,쌀,부식류,부탄가스,살균표백제,즉석식품,분유세트,기저귀,모기약등",충청남도 태안군 태안읍 중앙로 170,041-673-9231,충청남도,태안군
우성정마트,"쌀, 부식류, 생수, 생필품 등",전라북도 전주시 덕진구 벚꽃로 57,063-253-2117,전라북도,전주시
Y식자재마트 우성아파트 상가 지하1층,"쌀, 부식류, 생수, 생필품 등",전라북도 전주시 완산구 중화산로 55,063-226-6297,전라북도,전주시
두별마트,"생수, 쌀, 부식 등",전라북도 군산시 양안로 137,063-453-4989,전라북도,군산시
우리마트,"생수, 쌀, 부식 등",전라북도 군산시 오룡로 62-1,063-471-5000,전라북도,군산시
롯데마트 익산점,"생필품, 식료품 등",전라북도 익산시 무왕로 1053,063-830-2520,전라북도,익산시
이마트 익산점,"생필품, 식료품 등",전라북도 익산시 평동로 705,063-860-1051,전라북도,익산시
남중하나마트,"생필품, 식료품 등",전라북도 익산시 선화로 225,063-855-2930,전라북도,익산시
엉터리마트,"생수, 쌀, 부식류, 부탄가스, 생필품 등",전라북도 정읍시 충정로 51,063-532-7773,전라북도,정읍시
마트짱,생필품류,전라북도 남원시 시청로 37-1(향교동),063-625-4200,전라북도,남원시
(유)신화,주식류(쌀),전라북도 김제시 순동 황산로 38,063-547-4022,전라북도,김제시
만경공장,주식류(쌀),전라북도 김제시 만경읍 몽포길 52-6,063-542-5006,전라북도,김제시
부량공장,주식류(쌀),전라북도 김제시 부량면 고잔길 46,063-546-9130,전라북도,김제시
청운주유소,유류(석유),전라북도 김제시 용지면 콩쥐팥쥐로 717,063-546-8251,전라북도,김제시
참고을 김제점,"부식류(된장, 간장, 고추장)",전라북도 김제시 순동산단1길 28-17,063-547-6941,전라북도,김제시
농협목우촌 김제육가공장,수육통조림,전라북도 김제시 금구면 구성길 630,063-540-6605,전라북도,김제시
장터마트,"생수, 쌀, 부식류, 부탄가스, 생필품 등",전라북도 완주군 봉동읍 낙평장기로 58,063-263-4939,전라북도,완주군
하나로마트 진안농협 본점,"생수, 쌀, 부식류, 부탄가스, 생필품 등",전라북도 진안군 진안읍 진무로 1150,063-430-3650,전라북도,진안군
킹할인마트,부식류,전라북도 무주군 안성면 안성로 261,063-323-1185,전라북도,무주군
풀마트,"부식류, 세면도구, 생필품류",전라북도 무주군 무주읍 단천로 104,063-324-3773,전라북도,무주군
무주농협 무주지점 하나로마트,"생수, 쌀, 부식류, 부탄가스, 생필품류",전라북도 무주군 무주읍 당산강변로 196,063-322-1343,전라북도,무주군
구천동농협 구천지점 하나로마트,"생수, 쌀, 부식류, 부탄가스, 생필품류",전라북도 무주군 설천면 구천동1로 15,063-324-4602,전라북도,무주군
구천동농협 무풍지점 하나로마트,"생수, 쌀, 부식류, 부탄가스, 생필품류",전라북도 무주군 무풍면 현내로 183,063-324-4410,전라북도,무주군
무주농협 부남지점 하나로마트,"생수, 쌀, 부식류, 부탄가스, 생필품류",전라북도 무주군 부남면부남로 866-2,063-322-0046,전라북도,무주군
구천동농협 설천본점 하나로마트,"생수, 쌀, 부식류, 부탄가스, 생필품류",전라북도 무주군 설천면 삼도봉로 6,063-324-2501,전라북도,무주군
무주농협 적상지점 하나로마트,"생수, 쌀, 부식류, 부탄가스, 생필품류",전라북도 무주군 적상면 적상산로 48,063-324-5509,전라북도,무주군
무주농협 안성지점 하나로마트,"생수, 쌀, 부식류, 부탄가스, 생필품류",전라북도 무주군 안성면 안성로 280,063-323-2401,전라북도,무주군
반딧불마트,"부식류, 생필품류",전라북도 무주군 무주읍 주계로 32,063-322-5258,전라북도,무주군
유할인마트,"생수, 부식류",전라북도 무주군 안성면 안성로 290-1,063-323-0059,전라북도,무주군
킹할인마트,"생수, 부식류",전라북도 무주군 안성면 안성로 261,063-323-1185,전라북도,무주군
GS무주설천점,"세면도구, 생필품류",전라북도 무주군 설천면 무설로 1587,063-324-8111,전라북도,무주군
무주쌍방울점,속옷류,전라북도 무주군 무주읍 주계로 87-2,063-322-9586,전라북도,무주군
다사랑약국,의약품류,전라북도 무주군 안성면 안성로 295,063-323-0401,전라북도,무주군
설천약국,의약품류,전라북도 무주군 설천면 무설로 1588,063-324-9797,전라북도,무주군
장약국,의약품류,전라북도 무주군 무주읍 단천로 99,063-322-2243,전라북도,무주군
우리약국,의약품류,전라북도 무주군 무풍면 현내로 649-1,063-324-4451,전라북도,무주군
무주천막사,천막,전라북도 무주군 무주읍 주계로 83,063-322-3317,전라북도,무주군
농협 하나로 마트,"식료품, 생필품, 생수, 쌀 등",전라북도 장수군 장수읍 장천로 201,063-351-5169,전라북도,장수군
정마트,"생수, 쌀, 부식류, 부탄가스, 생필품 등",전라북도 임실군 임실읍 운수로 33,063-643-0777,전라북도,임실군
순창농협하나로마트,"생수, 쌀, 부식류, 부탄가스, 생필품 등",전라북도 순창군 순창읍 장류로 388,063-652-9961,전라북도,순창군
공무원연금매점,"생수, 쌀, 부식류, 부탄가스, 생필품 등",전라북도 순창군 순창읍 경천로 33,063-650-1982,전라북도,순창군
고창농협 하나로마트,식품 및 생필품,전라북도 고창군 고창읍 성산로 22,063-560-5707,전라북도,고창군
고창농협 고수지점,식품 및 생필품,전라북도 고창군 고수면 황산리 263-1,063-560-3463,전라북도,고창군
선운산농협 아산지점,식품 및 생필품,전라북도 고창군 아산면 녹두리 793,063-562-5007,전라북도,고창군
대성농협 성송지점,식품 및 생필품,전라북도 고창군 성송면 대성로 793,063-563-1023,전라북도,고창군
대성할인마트,식품 및 생필품,전라북도 고창군 무장면 무장읍성길 13-4,063-563-3115,전라북도,고창군
대산OK할인마트,식품 및 생필품,전라북도 고창군 대산면 대성로 233,063-564-3133,전라북도,고창군
해리농협 상하지점,식품 및 생필품,전라북도 고창군 상하면 상하로 58,063-563-0688,전라북도,고창군
고창농협 부안지점,식품 및 생필품,전라북도 고창군 부안면 인촌로 1250,063-562-2078,전라북도,고창군
해리농협 하나로마트,식품 및 생필품,전라북도 고창군 해리면 중앙로 72,063-563-6108,전라북도,고창군
해리농협 심원지점,식품 및 생필품,전라북도 고창군 심원면 심원로 199,063-563-5006,전라북도,고창군
흥덕농협 하나로마트,식품 및 생필품,전라북도 고창군 흥덕면 흥덕초등길 3,063-562-6323,전라북도,고창군
흥덕농협 성내지점,식품 및 생필품,전라북도 고창군 성내면 시기1길 57,063-560-1871,전라북도,고창군
흥덕농협 신림지점,식품 및 생필품,전라북도 고창군 신림면 신림로 160,063-562-4238,전라북도,고창군
선운산농협 공음지점,식품 및 생필품,전라북도 고창군 공음면 공음길 53,063-562-7889,전라북도,고창군
하나로마트 부안농협본점,"생수, 쌀, 부식류, 부탄가스, 생필품 등",전라북도 부안군 부안읍 번영로 140,063-581-1023,전라북도,부안군
OK슈퍼,"생수, 쌀, 부식류, 부탄가스, 생필품 등",전라남도 목포시 양을로 200-1(용당동),061-272-5633,전라남도,목포시
행복플러스마트,"생수, 쌀, 부식류, 부탄가스, 생필품 등",전라남도 여수시 시청로 34(학동),061-685-2040,전라남도,여수시
OK마트,"생수, 쌀, 부식류, 부탄가스, 생필품 등",전라남도 순천시 중앙2길 30,061-742-4104,전라남도,순천시
이루도매센터,"생수, 쌀, 부식류, 부탄가스, 생필품 등",전라남도 나주시 나주로 41-20(송월동),061-333-2418,전라남도,나주시
하나로마트 나주농협본점,"생수, 쌀, 부식류, 부탄가스, 생필품 등",전라남도 나주시 나주로 101(금성동),061-330-6521,전라남도,나주시
유아메디신,응급의약품,"전라남도 나주시 나주로 159(중앙동, 2층)",061-333-8230,전라남도,나주시
하나로마트 광양농협로컬푸드직매장본점,"생수, 쌀, 부식류, 부탄가스, 생필품 등",전라남도 광양시 광양읍 신재로 10,061-760-2275,전라남도,광양시
하나로마트 동광양농협본점,"생수, 쌀, 부식류, 부탄가스, 생필품 등",전라남도 광양시 중동로 32(중동),061-791-0700,전라남도,광양시
하나로마트 담양농협본점,"생수, 쌀, 부식류, 부탄가스, 생필품 등",전라남도 담양군 담양읍 죽향문화로 60,061-383-6669,전라남도,담양군
롯데슈퍼(전남곡성가맹점),"생수, 쌀, 부식류, 부탄가스, 생필품 등",전라남도 곡성군 곡성읍 군청로 47,061-363-2273,전라남도,곡성군
구례이마트,"생수, 쌀, 부식류, 부탄가스, 생필품 등",전라남도 구례군 구례읍 중앙로 22,061-780-4959,전라남도,구례군
하나로마트 구례축협본점,"생수, 쌀, 부식류, 부탄가스, 생필품 등",전라남도 구례군 구례읍 봉동길 9,061-782-2211,전라남도,구례군
하나로마트 고흥농협본점,"생수, 쌀, 부식류, 부탄가스, 생필품 등",전라남도 고흥군 고흥읍 여산당촌길 43,061-833-8005,전라남도,고흥군
하나로마트 녹동농협,"생수, 쌀, 부식류, 부탄가스, 생필품 등",전라남도 고흥군 도양읍 우주항공로 21,061-840-7743,전라남도,고흥군
고흥이마트,"생수, 쌀, 부식류, 부탄가스, 생필품 등",전라남도 고흥군 고흥읍 봉동주공길 18,061-834-2377,전라남도,고흥군
뉴고흥마트,"생수, 쌀, 부식류, 부탄가스, 생필품 등",전라남도 고흥군 고흥읍 시장천변길 29-16,061-835-8240,전라남도,고흥군
보성마트,"생수, 쌀, 부식류, 부탄가스, 생필품 등",전라남도 보성군 보성읍 우산길 3,061-853-0104,전라남도,보성군
하나로마트 화순농협본점,"생수, 쌀, 부식류, 부탄가스, 생필품 등",전라남도 화순군 화순읍 쌍충로 74,061-379-1500,전라남도,화순군
LD마트,"생수, 쌀, 부식류, 부탄가스, 생필품 등",전남 장흥군 장흥읍 동교2길 11,061-864-5511,전남,장흥군
강진농협 파머스마켓,생필품류,전라남도 강진군 강진읍 보은로 152,061-433-8422,전라남도,강진군
하나로마트 해남농협점,생필품류,전라남도 해남군 해남읍 남부순환로 86,061-536-3774,전라남도,해남군
명지마트,생필품류,전라남도 해남군 해남읍 교육청길 16-10,061-535-5454,전라남도,해남군
마운틴마트,생필품류,전라남도 해남군 해남읍 북부순환로 186,061-536-4063,전라남도,해남군
하나로마트 영암농협점,"생수, 쌀, 부식류, 부탄가스, 생필품 등",전라남도 영암군 영암읍 낭주로 132,061-470-8882,전라남도,영암군
하나로마트 영암축협점,"생수, 쌀, 부식류, 부탄가스, 생필품 등",전라남도 영암군 영암읍 월출로 6,061-470-1541,전라남도,영암군
하나로마트 무안농협본점,"부식류, 생필품 등",전라남도 무안군 무안읍 면성2길 28,061-454-0880,전라남도,무안군
뉴빅마트,"생수, 부탄가스 등",전라남도 무안군 무안읍 무안로 511,061-453-4636,전라남도,무안군
맘마트,"쌀, 부식류 등",전라남도 무안군 무안읍 불무로 19,061-452-8500,전라남도,무안군
하나로마트 함평농협본점,"생수, 쌀, 부식류, 부탄가스, 생필품 등",전라남도 함평군 함평읍 내바람길 42,061-323-2712,전라남도,함평군
나비마트,"생수, 쌀, 부식류, 부탄가스, 생필품 등",전라남도 함평군 함평읍 광남길 69-3,061-324-9960,전라남도,함평군
파머스마켓,부식류,전라남도 영광군 영광읍 옥당로 151,061-353-0166,전라남도,영광군
마트넷할인마트,"생수, 부식류, 부탄가스 등",전라남도 영광군 영광읍 중앙로 168,061-352-5993,전라남도,영광군
영광축협하나로마트클럽,"주방용품, 생필품 등",전라남도 영광군 영광읍 신남로4길 18,061-353-7990,전라남도,영광군
장성농협하나로마트,"생수, 쌀, 부식류, 부탄가스, 생필품 등",전라남도 장성군 장성읍 청운2길 7,061-393-9998,전라남도,장성군
장보고마트,"생수, 쌀, 부식류, 부탄가스, 생필품 등",전라남도 완도군 완도읍 장보고대로 170,061-554-0034,전라남도,완도군
하나로마트 진도농협점,"생수, 쌀, 부식류, 부탄가스, 생필품 등",전라남도 진도군 진도읍 남동1리 40-13,061-544-4237,전라남도,진도군
하나로마트 압해농협본점,"생수, 쌀, 부식류, 부탄가스, 생필품 등",전라남도 신안군 압해읍 압해로 871-4,061-271-0515,전라남도,신안군
영마트(구룡포점),생활용품,경상북도 포항시 남구 구룡포읍 구룡포리 459-20,054-276-8350,경상북도,포항시
에브리데이연일 식자재마트,생활용품,경상북도 포항시 남구 연일읍 연일중앙로 42,054-286-5100,경상북도,포항시
오천농협하나로마트,생활용품,경상북도 포항시 남구 오천읍 정몽주로 493,054-293-8980,경상북도,포항시
대송프라자,생활용품,경상북도 포항시 남구 대송면 제내길 29,054-285-9191,경상북도,포항시
빅마트(약전점),생활용품,경상북도 포항시 남구 동해면 일월로 119,054-272-0050,경상북도,포항시
올마트,생활용품,경상북도 포항시 남구 동해면 일월로 89,054-291-0101,경상북도,포항시
보경할인마트,생활용품,경상북도 포항시 남구 장기면 장기로 11,054-286-0582,경상북도,포항시
하나마트,생활용품,경상북도 포항시 남구 호미곶면 해맞이로 169,054-285-0111,경상북도,포항시
홈마트,생활용품,경상북도 포항시 남구 상공로 51-1,054-275-3181,경상북도,포항시
SP플러스(신풍마트),생활용품,경상북도 포항시 남구 중앙로 122번길 34,054-283-9490,경상북도,포항시
송도할인마트,생활용품,경상북도 포항시 남구 송림로 13(송도동),054-277-9242,경상북도,포항시
콜마트(청림점),생활용품,경상북도 포항시 남구 정몽주로 878,054-292-8066,경상북도,포항시
이마트포항점,생활용품,경상북도 포항시 남구 냉천로 10,054-223-1264,경상북도,포항시
R-마트,생활용품,경상북도 포항시 남구 효자동길 3,054-282-2678,경상북도,포항시
콜마트(대이점),생활용품,경상북도 포항시 남구 대이로 55-1,054-272-9002,경상북도,포항시
우리홈마트,생활용품,경상북도 포항시 북구 흥해읍 중성로32번길 9,054-262-1944,경상북도,포항시
신포항농협 신광지점 하나로마트,생활용품,경상북도 포항시 북구 신광면 토성길 42,054-243-7993,경상북도,포항시
신포항농협 하나로마트,생활용품,경상북도 포항시 북구 청하면 청하로 203,054-232-4172,경상북도,포항시
신포항농협 송라지점,생활용품,경상북도 포항시 북구 송라면 관천리 32,054-246-4640,경상북도,포항시
킴스마트,생활용품,경상북도 포항시 북구 기계면 협동길 8,054-241-6979,경상북도,포항시
서포항농협하나로마트 죽장점,생활용품,경상북도 포항시 북구 죽장면 새마을로 3604,054-242-3444,경상북도,포항시
서포항농협 기북지점 하나로마트,생활용품,경상북도 포항시 북구 기북면 용기길 1,054-240-0680,경상북도,포항시
한스마트,생활용품,경상북도 포항시 북구 대신로36번길 6,054-247-2022,경상북도,포항시
동아마트,생활용품,경상북도 포항시 북구 양학로 136,054-282-5232,경상북도,포항시
콜마트 ,생활용품,경상북도 포항시 북구 죽도로 28,054-283-0332,경상북도,포항시
우리마트,생활용품,경상북도 포항시 북구 대안길 65,054-231-5557,경상북도,포항시
월드마트,생활용품,경상북도 포항시 북구 우창로 10,054-256-1237,경상북도,포항시
GS수퍼마켓,생활용품,경상북도 포항시 북구 용두산길 3,054-251-4563,경상북도,포항시
리플러스마트 양덕점,생활용품,경상북도 포항시 북구 법원로 140번길 23,054-231-6800,경상북도,포항시
GS THE FRESH,생활용품,경상북도 포항시 북구 삼호로 422,054-251-9080,경상북도,포항시
총각네식자재마트,생필품 등,경상북도 경주시 원지길12번길 37,054-776-9199,경상북도,경주시
하나로마트김천농협점,생필품 등,경상북도 김천시 자산로 147,054-420-2200,경상북도,김천시
롯데마트김천점,생필품 등,경상북도 김천시 시청로 80,054-429-0800,경상북도,김천시
북문시장마트,식료품류,경상북도 안동시 퇴계로 140,054-857-1216,경상북도,안동시
한국종합주방,식기류,경상북도 안동시 광명로 143,054-852-5480,경상북도,안동시
㈜창성공조기계,난방열기기,경상북도 안동시 제비원로 140,054-853-3600,경상북도,안동시
명륜주유소,석유류,경상북도 안동시 퇴계로 134,054-859-8251,경상북도,안동시
경북천막사,천막,경상북도 안동시 대안로 110,054-855-2324,경상북도,안동시
중앙침구사,모포(이불),경상북도 안동시 중앙시장 4길26-37,054-853-6878,경상북도,안동시
삼성의류총판,의료,경상북도 안동시 중앙시장 4길26-41,054-855-1644,경상북도,안동시
파머스마켓,"생필품, 공산품",경상북도 구미시 산업로 310,054-456-7911,경상북도,구미시
이마트구미지점,"생필품, 공산품",경상북도 구미시 구미대로 256,054-467-1052,경상북도,구미시
파머스마켓,개별구호품,경상북도 영주시 구성로 25,054-639-3300,경상북도,영주시
역전주유소,유류,경상북도 영주시 선비로 39,054-631-2875,경상북도,영주시
삼양천막사,천막,경상북도 영주시 원당로 363,054-634-2978,경상북도,영주시
영천농업협동조합,취사도구 등,경상북도 영천시 완산로 48,054-334-3831,경상북도,영천시
신세계이마트영천점,취사도구 등,경상북도 영천시 최무선로 83,054-330-1200,경상북도,영천시
대경할인유통,취사도구 등,경상북도 영천시 동문길 30,054-333-7373,경상북도,영천시
소원약국,응급의약품,경상북도 영천시 호국로 93,054-332-7003,경상북도,영천시
하나로마트,생필품 등,경상북도 상주시 왕산로 85,054-533-8899,경상북도,상주시
새마을슈퍼,생필품 등,경상북도 문경시 중앙로 59,054-553-1222,경상북도,문경시
유한약국,응급의약품,경상북도 문경시 점촌로 23,054-556-6666,경상북도,문경시
이마트,생필품 등,경상북도 경산시 옥산로227,053-940-1051,경상북도,경산시
홍마트,생필품 등,경상북도 경산시 원효로 36길 49,053-818-4384,경상북도,경산시
파워식자재마트,"쌀, 부식류, 생필품 등",경상북도 군위군 군위읍 군청로 75,054-382-1237,경상북도,군위군
K마트,"쌀, 부식류, 생필품 등",경상북도 군위군 군위읍 중앙길 142,054-382-0440,경상북도,군위군
농협하나로클럽,"쌀, 부식류, 생필품 등",경상북도 군위군 효령면 경북대로 2185,054-380-5500,경상북도,군위군
의성농협하나로마트,"식품, 생필품 등",경상북도 의성군 의성읍 중앙길 6,054-830-2532,경상북도,의성군
의성후레쉬마트,"식품, 생필품 등",경상북도 의성군 의성읍 후죽리 836-13,054-834-7711,경상북도,의성군
안계농협하나로마트,"식품, 생필품 등",경상북도 의성군 안계면 안계길 124,054-861-0378,경상북도,의성군
단북농협하나로마트,"식품, 생필품 등",경상북도 의성군 단북면 이연리 743,054-861-0009,경상북도,의성군
청송홈마트,생필품,경상북도 청송군 청송읍 시장길 3,054-873-1231,경상북도,청송군
주왕양국,의약품,경상북도 청송군 청송읍 금월로 267,054-874-8089,경상북도,청송군
홈마트,생필품 등,경상북도 영양군 영양읍 중앙로 100,054-680-6901,경상북도,영양군
에이스마트,생필품 등,경상북도 영덕군 영덕읍 도매샛길 39,054-733-8540,경상북도,영덕군
경북천막사,천막,경상북도 청도군 청도읍 중앙로 30,054-373-6631,경상북도,청도군
청도의료기,응급의약품,경상북도 청도군 청도읍 고수구길 12-1,054-373-6370,경상북도,청도군
청도축협하나로마트,"쌀, 부식류, 생필품 등 개별구호물품",경상북도 청도군 청도읍 고수서4길1,054-373-5005,경상북도,청도군
산서농협하나로마트,"쌀, 부식류, 생필품 등 개별구호물품",경상북도 청도군 풍각면 헐티로 229,054-371-1768,경상북도,청도군
산동농협하나로마트,"쌀, 부식류, 생필품 등 개별구호물품",경상북도 청도군 금천면 금천로 35,054-372-3663,경상북도,청도군
대백마트,"식료품, 생필품 등",경상북도 고령군 대가야읍 우륵로 16-1,054-954-9800,경상북도,고령군
드림마트,"식료품, 생필품 등",경상북도 고령군 다산면 상곡2길 7,054-956-6565,경상북도,고령군
이마트에브리데이,"쌀, 부식류, 생필품 등 개별구호물품",성주군 성주읍 성주로 3246,054-931-9710,성주군,성주읍
성주농협하나로마트,"쌀, 부식류, 생필품 등 개별구호물품",성주군 성주읍 성주읍3길 28,054-933-1172,성주군,성주읍
농협하나로마트남부지점,생필품 등,경상북도 칠곡군 왜관읍 중앙로 143,054-970-6582,경상북도,칠곡군
예천농협하나로마트,"쌀, 부식류, 생필품 등 개별구호물품",경상북도 예천군 예천읍 시장로 53,054-652-0977,경상북도,예천군
풀마트봉화점,"쌀, 부식류, 생필품 등 개별구호물품",경상북도 봉화군 봉화읍 봉화로 1133,054-673-6767,경상북도,봉화군
월변마트,생필품,경상북도 울진읍 울진중앙로 36,054-783-3343,경상북도,울진읍
경북약국,의약품,경상북도 울진읍 울진중앙로 123-2,054-783-8280,경상북도,울진읍
하나로마트,생필품 등,경상북도 울릉읍 봉래2길 26,054-791-0166,경상북도,울릉읍
동양마트,"쌀, 생수, 부탄가스, 부식 등",경상남도 창원시 의창구 명지로 11 (명서동),055-238-6287,경상남도,창원시
남창원농협 농수산물종합유통센터,"쌀, 생수, 부탄가스, 부식 등",경상남도 창원시 성산구 가음로 100(가음동),055-286-1000,경상남도,창원시
365할인마트,"쌀, 생수, 부탄가스, 부식 등(소량)",경상남도 창원시 성산구 성주로 147(남산동),055-263-8822,경상남도,창원시
마산시농업협동조합 하나로마트,"쌀, 생수, 부탄가스, 부식 등",경상남도 창원시 마산합포구 해안대로 31(해운동),055-222-8049,경상남도,창원시
진해농협협동조합 하나로마트,"쌀, 생수, 부식 등",경상남도 창원시 진해구 진해대로776번길 28(석동),055-541-5200,경상남도,창원시
홈플러스 진주점,"쌀, 생수, 부탄가스, 부식 등",경상남도 진주시 대신로 304,055-771-8124,경상남도,진주시
이마트 진주점,"쌀, 생수, 부탄가스, 부식 등",경상남도 진주시 진양호로 477,055-749-1050,경상남도,진주시
롯데마트 진주점,"쌀, 생수, 부탄가스, 부식 등",경상남도 진주시 동진로 440,055-790-2580,경상남도,진주시
오렌지마트,"쌀, 생수, 부탄가스, 부식 등",경상남도 진주시 모덕로 89,055-757-3380,경상남도,진주시
뉴월드마트주식회사,"쌀, 생수, 부탄가스, 락스,  부식류 등",경상남도 통영시 북신시장1길 12(북신동),055-648-7703,경상남도,통영시
㈜롯데마트 통영점,"쌀, 생수, 부탄가스, 락스,  부식류 등",경상남도 통영시 무전대로 65(무전동),055-640-2522,경상남도,통영시
서원유통(주) 삼천포점,"쌀, 생수,  부식 등",경상남도 사천시 새시장길 19,055-835-4115,경상남도,사천시
김해축산농협 하나로마트 본점,"쌀, 생수, 부탄가스, 부식 등",경상남도 김해시 분성로308번길 18(서상동),055-310-5733,경상남도,김해시
김해축산농협 하나로마트 서부점,"쌀, 생수, 부탄가스, 부식 등",경상남도 김해시 함박로 4(외동),055-322-5312,경상남도,김해시
농협하나로클럽,"쌀, 생수, 부탄가스, 부식 등",경상남도 김해시 칠산로 128(신문동),055-310-7011,경상남도,김해시
필프라이스삼광점,"쌀, 생수, 부탄가스, 부식 등",경상남도 밀양시 석정로 115,055-354-3572,경상남도,밀양시
단골약국,"연고, 밴드, 구급상자 등",경상남도 밀양시 북성로 10,055-354-1578,경상남도,밀양시
연초농협 하나로마트 본점,"쌀, 라면, 생수, 부탄가스, 부식 등",경상남도 거제시 연초면 거제북로 26-1,055-636-0778,경상남도,거제시
하나로마트 양산축협중부지점,"쌀, 생수, 라면, 햇반 등",경상남도 양산시 장터2길 4,055-385-3000,경상남도,양산시
농협하나로마트 의령점,"쌀, 생수, 부탄가스, 부식 등",경상남도 의령군 의령읍 의병로14길 29,055-572-9500,경상남도,의령군
함안축협하나로마트,"생수, 부식류, 생필품",경상남도 함안군 가야읍 함안대로 524,055-584-2180,경상남도,함안군
㈜트라이얼코리아 함안점,"생수, 부식류, 생필품",경상남도 함안군 가야읍 함마대로 1636-16,055-585-3792,경상남도,함안군
그린DC마트,"생수, 부식류, 생필품",경상남도 함안군 칠원읍 삼칠로 147,055-586-2222,경상남도,함안군
진마트 창녕점,"쌀, 생수, 부탄가스, 부식 등",경상남도 창녕군 창녕읍 명덕로 27,055-532-6641,경상남도,창녕군
고성축산업협동조합하나로마트,"쌀, 생수, 부탄가스, 부식 등",경상남도 고성군 고성읍 성내로 47(외 1필지),055-673-4666,경상남도,고성군
하나로마트 남해농협,"쌀, 생수, 부탄가스, 부식 등",경상남도 남해군 남해읍 화전로122번길 2 남해농협,055-864-3324,경상남도,남해군
하나로마트 남해축협본점,"쌀, 생수, 부탄가스, 부식 등",경상남도 남해군 남해읍 화전로78번가길 9 남해축협,055-863-4081,경상남도,남해군
남해도매유통,"쌀, 생수, 부탄가스, 부식 등",경상남도 남해군 남해읍 망운로 54-35,055-864-7633,경상남도,남해군
홈마트,"쌀, 생수, 부탄가스, 부식 등",경상남도 남해군 남해읍 화전로13,055-864-8585,경상남도,남해군
농협하나로마트(하동),"쌀, 생수, 부탄가스, 부식 등",경상남도 하동군 하동읍 중앙1길 16 ,055-880-8367,경상남도,하동군
농협하나로마트(화개),"쌀, 생수, 부탄가스, 부식 등",경상남도 하동군 화개면 화개로 38 ,055-880-4912,경상남도,하동군
농협하나로마트(악양),"쌀, 생수, 부탄가스, 부식 등",경상남도 하동군 악양면 악양서로 384 ,055-884-6860,경상남도,하동군
농협하나로마트(적량),"쌀, 생수, 부탄가스, 부식 등",경상남도 하동군 적량면 적량로 99,055-884-6695,경상남도,하동군
농협하나로마트(횡천),"쌀, 생수, 부탄가스, 부식 등",경상남도 하동군 횡천면 문화1길 5,055-880-4517,경상남도,하동군
농협하나로마트(고전),"쌀, 생수, 부탄가스, 부식 등",경상남도 하동군 고전면 재첩길 5-4,055-882-5011,경상남도,하동군
농협하나로마트(금남),"쌀, 생수, 부탄가스, 부식 등",경상남도 하동군 금남면 제먼당길 89 ,055-880-4016,경상남도,하동군
농협하나로마트(고남),"쌀, 생수, 부탄가스, 부식 등",경상남도 하동군 금남면 섬진강대로 961,055-880-4074,경상남도,하동군
농협하나로마트(금성),"쌀, 생수, 부탄가스, 부식 등",경상남도 하동군 금성면 신도길 127 ,055-880-4074,경상남도,하동군
농협하나로마트(진교),"쌀, 생수, 부탄가스, 부식 등",경상남도 하동군 진교면 경충로 1059 ,055-880-4142,경상남도,하동군
농협하나로마트(양보),"쌀, 생수, 부탄가스, 부식 등",경상남도 하동군 양보면 진양로 739 ,055-880-4113,경상남도,하동군
농협하나로마트(북천),"쌀, 생수, 부탄가스, 부식 등",경상남도 하동군 북천면 경서대로 2463,055-882-9100,경상남도,하동군
농협하나로마트(옥종),"쌀, 생수, 부탄가스, 부식 등",경상남도 하동군 옥종면 옥종중앙길 52-3,055-883-8744,경상남도,하동군
농협하나로마트  산청읍점,"쌀, 라면, 즉석식품, 생수, 부탄가스, 부식 등",경상남도 산청군 산청읍 웅석봉로 3,055-970-2581,경상남도,산청군
함양농협 하나로마트,"쌀, 생수, 부탄가스, 부식 등 생필품",경상남도 함양군 함양읍 함양로 1119-1,055-964-0835,경상남도,함양군
거창축협하나로마트 본점,"쌀, 생수, 부탄가스, 부식 등",경상남도 거창군 거창읍 강변로8길 32-22,055-943-9589,경상남도,거창군
대백마트 상림점,"쌀, 생수, 부탄가스, 부식 등",경상남도 거창군 거창읍 공수들1길 87,055-945-7000,경상남도,거창군
하나로마트 합천농협본점,"쌀, 생수, 부탄가스, 부식 등",경상남도 합천군 합천읍 대야로 904,055-932-0830,경상남도,합천군
롯데슈퍼 합천점,"쌀, 생수, 부탄가스, 부식 등",경상남도 합천군 합천읍 충효로 39,055-931-5601,경상남도,합천군
제주시농협 하나로마트 제주점,"생수, 쌀, 부식류, 생필품 등",제주특별자치도 제주시 남광로206,064-729-1551,제주특별자치도,제주시
제주시농협 하나로마트 한림점,"생수, 쌀, 부식류, 생필품 등",제주특별자치도 제주시 한림읍 한림상로 101,064-795-2005,제주특별자치도,제주시
김녕킹마트,"생수, 쌀, 부식류, 생필품 등",제주특별자치도 제주시 김녕로124,064-784-8789,제주특별자치도,제주시
서귀포산림조합 산림마트,"생수, 쌀, 부식류, 생필품 등",제주특별자치도 서귀포시 중산간동로 8462-2,064-739-9544,제주특별자치도,서귀포시
